{
  "text": "She walked into the room and immediately noticed",
  "tokens": [
    "She",
    "Ġwalked",
    "Ġinto",
    "Ġthe",
    "Ġroom",
    "Ġand",
    "Ġimmediately",
    "Ġnoticed"
  ],
  "gradient_scores": [
    0.40465089678764343,
    0.06338922679424286,
    0.040415938943624496,
    0.021278180181980133,
    0.2087664008140564,
    0.12180662155151367,
    0.15348345041275024,
    1.0
  ],
  "perturbation_scores": [
    0.3033372674605246,
    1.0,
    0.7611113449432996,
    0.5239799380618734,
    0.5005490008873134,
    0.8291947448745663,
    0.4053571985936815,
    0.43488273984079096
  ]
}